id,first_name,last_name,email,gender,ip_address
1,Jason,Hamilton,jhamilton0@discuz.net,Male,99.141.53.117
2,Justin,Sanchez,jsanchez1@nsw.gov.au,Male,142.123.130.207
3,Sharon,Ruiz,sruiz2@netlog.com,Female,171.103.161.120
4,Wanda,Berry,wberry3@gmpg.org,Female,182.77.146.68
5,Jacqueline,Woods,jwoods4@arizona.edu,Female,96.1.176.72
6,Adam,Weaver,aweaver5@ucsd.edu,Male,232.126.103.179
7,Shirley,Arnold,sarnold6@businessweek.com,Female,218.41.237.55
8,Earl,Jordan,ejordan7@china.com.cn,Male,135.133.63.70
9,Marie,Day,mday8@sourceforge.net,Female,135.36.245.126
10,Daniel,Ross,dross9@nbcnews.com,Male,144.47.95.184
11,Brian,Taylor,btaylora@google.co.jp,Male,221.134.86.43
12,Deborah,Hicks,dhicksb@so-net.ne.jp,Female,17.2.124.97
13,Jane,West,jwestc@timesonline.co.uk,Female,4.129.76.211
14,Carl,Johnston,cjohnstond@yandex.ru,Male,83.158.136.83
15,Norma,Lee,nleee@sun.com,Female,245.248.247.252
16,Phyllis,Lynch,plynchf@hubpages.com,Female,17.15.30.164
17,Albert,Myers,amyersg@mozilla.com,Male,3.202.137.113
18,Phillip,Wagner,pwagnerh@hibu.com,Male,6.34.34.188
19,Doris,Davis,ddavisi@rambler.ru,Female,211.229.169.178
20,Joan,Lane,jlanej@nydailynews.com,Female,75.204.120.13
21,Phyllis,Henry,phenryk@upenn.edu,Female,221.108.19.2
22,Juan,Nichols,jnicholsl@yellowpages.com,Male,165.71.159.9
23,Amy,Sullivan,asullivanm@technorati.com,Female,130.99.125.246
24,Douglas,Harvey,dharveyn@army.mil,Male,27.255.111.40
25,Justin,Stanley,jstanleyo@aboutads.info,Male,213.173.157.17
26,Larry,Rice,lricep@zimbio.com,Male,239.110.200.221
27,Norma,Franklin,nfranklinq@ehow.com,Female,32.135.146.149
28,Charles,Romero,cromeror@google.de,Male,56.70.96.11
29,Donna,Dixon,ddixons@skype.com,Female,83.139.94.138
30,Daniel,Johnston,djohnstont@house.gov,Male,92.190.48.216
31,Jennifer,Freeman,jfreemanu@fc2.com,Female,51.230.141.107
32,Jonathan,Fowler,jfowlerv@imgur.com,Male,224.83.178.49
33,Benjamin,Kim,bkimw@biglobe.ne.jp,Male,81.13.149.77
34,Clarence,Chapman,cchapmanx@chron.com,Male,250.36.193.90
35,Willie,Armstrong,warmstrongy@fastcompany.com,Male,243.13.80.136
36,Michael,Barnes,mbarnesz@tripod.com,Male,101.22.222.60
37,Paul,Lewis,plewis10@hp.com,Male,233.69.239.37
38,Jonathan,Parker,jparker11@is.gd,Male,96.198.37.150
39,Evelyn,Henry,ehenry12@nps.gov,Female,227.232.92.11
40,Wayne,Baker,wbaker13@nymag.com,Male,195.106.174.151
41,Deborah,Fowler,dfowler14@uiuc.edu,Female,21.192.109.164
42,Joe,Brooks,jbrooks15@vk.com,Male,145.36.62.124
43,Willie,Hicks,whicks16@gizmodo.com,Male,42.88.67.130
44,Charles,Marshall,cmarshall17@tinyurl.com,Male,212.163.2.85
45,Russell,Sanders,rsanders18@github.com,Male,194.187.65.72
46,Nicholas,Mendoza,nmendoza19@godaddy.com,Male,68.249.133.173
47,Samuel,Williams,swilliams1a@acquirethisname.com,Male,140.40.41.40
48,Howard,Howell,hhowell1b@google.ru,Male,226.108.61.172
49,Ruth,Riley,rriley1c@youtu.be,Female,134.46.137.211
50,Phyllis,Lane,plane1d@github.io,Female,16.105.96.13
51,Laura,Woods,lwoods1e@bbb.org,Female,4.24.47.65
52,Judith,Gray,jgray1f@uol.com.br,Female,49.189.137.215
53,Margaret,Coleman,mcoleman1g@webmd.com,Female,109.62.96.0
54,Jerry,Meyer,jmeyer1h@seattletimes.com,Male,75.52.186.8
55,Melissa,Holmes,mholmes1i@apache.org,Female,140.166.5.184
56,Kenneth,Baker,kbaker1j@state.tx.us,Male,242.114.19.196
57,Lisa,Dixon,ldixon1k@japanpost.jp,Female,15.233.190.100
58,Susan,Price,sprice1l@toplist.cz,Female,97.232.134.82
59,Stephanie,Jackson,sjackson1m@altervista.org,Female,204.48.62.28
60,Samuel,Gardner,sgardner1n@tiny.cc,Male,73.168.113.92
61,Kelly,Hanson,khanson1o@mtv.com,Female,80.228.248.57
62,Brandon,Fuller,bfuller1p@devhub.com,Male,108.12.19.185
63,Kimberly,Peters,kpeters1q@furl.net,Female,220.235.28.235
64,Tina,Hernandez,thernandez1r@ox.ac.uk,Female,72.14.255.113
65,Henry,Howell,hhowell1s@simplemachines.org,Male,72.13.38.9
66,Stephen,Simmons,ssimmons1t@imageshack.us,Male,80.131.183.209
67,Julia,Coleman,jcoleman1u@51.la,Female,80.193.29.149
68,Russell,Garrett,rgarrett1v@huffingtonpost.com,Male,163.211.29.166
69,James,Ford,jford1w@hugedomains.com,Male,141.59.225.185
70,Ruth,Mills,rmills1x@businessinsider.com,Female,172.152.244.249
71,Joshua,Reyes,jreyes1y@opensource.org,Male,51.122.34.70
72,Shirley,Rodriguez,srodriguez1z@blog.com,Female,194.163.12.172
73,Ashley,Mendoza,amendoza20@e-recht24.de,Female,193.167.36.236
74,Ruth,Carr,rcarr21@usnews.com,Female,143.215.27.103
75,Carolyn,Ross,cross22@skyrock.com,Female,14.12.34.30
76,Emily,Miller,emiller23@skyrock.com,Female,123.33.228.71
77,Diana,Johnston,djohnston24@wordpress.org,Female,7.174.48.216
78,Nicholas,Hamilton,nhamilton25@printfriendly.com,Male,221.199.61.146
79,Emily,Pierce,epierce26@netlog.com,Female,128.31.98.115
80,Arthur,Armstrong,aarmstrong27@hhs.gov,Male,250.247.29.116
81,Wayne,Mccoy,wmccoy28@si.edu,Male,23.160.190.228
82,Peter,Mendoza,pmendoza29@mediafire.com,Male,244.157.245.220
83,Susan,Gutierrez,sgutierrez2a@si.edu,Female,108.66.166.41
84,Annie,Lewis,alewis2b@canalblog.com,Female,138.243.158.30
85,Evelyn,Johnston,ejohnston2c@flavors.me,Female,140.232.196.133
86,Eugene,Austin,eaustin2d@ifeng.com,Male,194.220.79.160
87,Rebecca,Peterson,rpeterson2e@miibeian.gov.cn,Female,78.24.152.165
88,Donald,Cole,dcole2f@fda.gov,Male,50.62.161.100
89,Steve,Butler,sbutler2g@dailymotion.com,Male,163.241.254.128
90,Phillip,Schmidt,pschmidt2h@list-manage.com,Male,247.48.23.128
91,Mildred,Perkins,mperkins2i@cnn.com,Female,190.69.222.156
92,Gary,King,gking2j@jimdo.com,Male,221.9.140.191
93,Lawrence,Gordon,lgordon2k@dot.gov,Male,66.48.82.63
94,Douglas,Cole,dcole2l@prweb.com,Male,120.22.146.169
95,Amanda,Dean,adean2m@so-net.ne.jp,Female,114.127.113.22
96,Billy,Elliott,belliott2n@nih.gov,Male,88.55.35.57
97,Roy,Chavez,rchavez2o@xinhuanet.com,Male,108.45.43.69
98,Craig,Mccoy,cmccoy2p@histats.com,Male,172.157.48.153
99,Debra,Holmes,dholmes2q@si.edu,Female,201.24.109.9
100,Justin,Romero,jromero2r@webs.com,Male,20.31.168.247
101,Randy,Russell,rrussell2s@smugmug.com,Male,82.155.11.200
102,Melissa,Cole,mcole2t@ft.com,Female,178.62.59.254
103,Jacqueline,Kim,jkim2u@facebook.com,Female,82.194.76.210
104,Jessica,Dunn,jdunn2v@mayoclinic.com,Female,59.54.253.69
105,Kenneth,Snyder,ksnyder2w@unc.edu,Male,83.147.117.76
106,Adam,Clark,aclark2x@sphinn.com,Male,208.87.110.202
107,Paul,Berry,pberry2y@1688.com,Male,144.250.126.133
108,Phyllis,Kelly,pkelly2z@newsvine.com,Female,73.82.81.18
109,Emily,Scott,escott30@scientificamerican.com,Female,79.79.89.34
110,Tammy,Murray,tmurray31@wikimedia.org,Female,167.254.252.131
111,Ruth,Mason,rmason32@archive.org,Female,14.113.124.222
112,Terry,Austin,taustin33@wisc.edu,Male,29.29.122.106
113,Diana,Kelley,dkelley34@diigo.com,Female,235.240.169.220
114,Doris,Perry,dperry35@opera.com,Female,27.128.28.191
115,Sean,Walker,swalker36@blogger.com,Male,241.158.176.79
116,David,Nichols,dnichols37@barnesandnoble.com,Male,234.182.19.175
117,Andrew,Richardson,arichardson38@opera.com,Male,105.58.216.68
118,Bruce,Lopez,blopez39@adobe.com,Male,236.254.212.214
119,Christina,Jacobs,cjacobs3a@exblog.jp,Female,230.247.67.234
120,Peter,Armstrong,parmstrong3b@prnewswire.com,Male,62.44.176.176
121,Brenda,Vasquez,bvasquez3c@xing.com,Female,109.76.253.81
122,Ryan,Lee,rlee3d@51.la,Male,101.24.82.155
123,Paula,Gilbert,pgilbert3e@wordpress.com,Female,255.41.153.36
124,Charles,James,cjames3f@redcross.org,Male,151.211.5.221
125,Steve,Howell,showell3g@google.nl,Male,26.129.191.105
126,Jessica,Murray,jmurray3h@weather.com,Female,53.6.27.251
127,Mary,Richards,mrichards3i@unc.edu,Female,136.162.186.103
128,Katherine,Roberts,kroberts3j@mysql.com,Female,81.245.220.216
129,Lawrence,Reid,lreid3k@google.fr,Male,163.160.145.25
130,Jennifer,Miller,jmiller3l@parallels.com,Female,33.215.95.131
131,Dennis,Mcdonald,dmcdonald3m@theatlantic.com,Male,252.6.138.49
132,Frances,Nichols,fnichols3n@cdc.gov,Female,122.171.47.106
133,Nancy,Reyes,nreyes3o@kickstarter.com,Female,182.78.159.136
134,Phyllis,Jenkins,pjenkins3p@scientificamerican.com,Female,54.3.219.146
135,Craig,Hernandez,chernandez3q@cargocollective.com,Male,83.231.233.188
136,Sandra,Miller,smiller3r@spiegel.de,Female,24.222.54.250
137,Joe,Banks,jbanks3s@samsung.com,Male,152.175.229.85
138,Edward,West,ewest3t@tripod.com,Male,219.158.56.63
139,Chris,Black,cblack3u@gravatar.com,Male,98.71.74.35
140,Ashley,Willis,awillis3v@sourceforge.net,Female,122.122.165.17
141,Ruby,Bishop,rbishop3w@google.ru,Female,199.24.162.57
142,Joshua,Gray,jgray3x@seesaa.net,Male,50.71.183.185
143,Rose,Hicks,rhicks3y@dailymail.co.uk,Female,231.206.61.83
144,Adam,Lawrence,alawrence3z@china.com.cn,Male,76.215.80.25
145,Laura,Harris,lharris40@sciencedaily.com,Female,169.130.208.29
146,Donna,Schmidt,dschmidt41@hud.gov,Female,54.145.26.135
147,Shirley,Matthews,smatthews42@wp.com,Female,123.217.8.205
148,Randy,Ryan,rryan43@pinterest.com,Male,3.210.78.64
149,Rebecca,Hicks,rhicks44@ted.com,Female,149.127.173.44
150,Cheryl,Fernandez,cfernandez45@redcross.org,Female,63.40.232.107
151,Carol,Harris,charris46@irs.gov,Female,23.38.4.3
152,Rose,Patterson,rpatterson47@bizjournals.com,Female,118.254.111.210
153,Timothy,Dean,tdean48@constantcontact.com,Male,30.5.60.174
154,Cynthia,Richardson,crichardson49@deviantart.com,Female,210.16.61.42
155,Lois,Oliver,loliver4a@w3.org,Female,233.35.176.26
156,Michael,Cox,mcox4b@trellian.com,Male,249.101.21.122
157,Anthony,Gordon,agordon4c@howstuffworks.com,Male,89.101.170.202
158,Cheryl,Frazier,cfrazier4d@purevolume.com,Female,52.102.235.223
159,Paul,Russell,prussell4e@weebly.com,Male,2.182.22.49
160,Anna,Warren,awarren4f@unicef.org,Female,38.115.198.47
161,Emily,Sanders,esanders4g@mac.com,Female,146.204.63.110
162,Laura,Little,llittle4h@cam.ac.uk,Female,110.21.42.109
163,Mary,Bradley,mbradley4i@technorati.com,Female,145.27.60.227
164,Edward,Wagner,ewagner4j@google.de,Male,82.75.228.173
165,Diana,Holmes,dholmes4k@ted.com,Female,70.224.111.142
166,Brandon,Matthews,bmatthews4l@miibeian.gov.cn,Male,197.123.192.52
167,Robin,Lawson,rlawson4m@cnet.com,Female,124.78.141.189
168,Ashley,Garza,agarza4n@uol.com.br,Female,3.11.105.46
169,Juan,Fernandez,jfernandez4o@friendfeed.com,Male,73.122.114.194
170,Denise,Parker,dparker4p@zdnet.com,Female,175.203.100.136
171,Sean,Richards,srichards4q@usatoday.com,Male,176.11.16.194
172,Amanda,Duncan,aduncan4r@phpbb.com,Female,127.38.158.141
173,Sandra,Davis,sdavis4s@marketwatch.com,Female,105.95.30.5
174,Mark,Little,mlittle4t@mozilla.org,Male,156.3.223.126
175,Catherine,Stanley,cstanley4u@dot.gov,Female,19.239.138.37
176,Diana,Perry,dperry4v@youku.com,Female,78.70.30.168
177,Jean,Olson,jolson4w@xing.com,Female,145.81.246.100
178,Steve,Thompson,sthompson4x@cbslocal.com,Male,77.246.58.82
179,Raymond,Tucker,rtucker4y@t.co,Male,28.16.216.76
180,Nicole,Freeman,nfreeman4z@cnbc.com,Female,197.63.121.210
181,Dorothy,Flores,dflores50@icq.com,Female,18.35.200.231
182,Tina,Grant,tgrant51@ox.ac.uk,Female,39.178.150.160
183,Marilyn,Johnson,mjohnson52@xing.com,Female,66.204.119.202
184,Larry,Carr,lcarr53@google.de,Male,85.27.48.50
185,Juan,Hamilton,jhamilton54@barnesandnoble.com,Male,94.115.189.76
186,Joshua,Simmons,jsimmons55@infoseek.co.jp,Male,99.170.68.186
187,Walter,Elliott,welliott56@chicagotribune.com,Male,69.39.179.76
188,Carl,Weaver,cweaver57@accuweather.com,Male,49.143.116.250
189,Bobby,Fisher,bfisher58@tripod.com,Male,50.12.1.217
190,Denise,Welch,dwelch59@cbslocal.com,Female,24.169.190.107
191,Anne,Richards,arichards5a@acquirethisname.com,Female,19.248.38.110
192,Tina,Hill,thill5b@state.tx.us,Female,104.198.102.220
193,Brandon,Weaver,bweaver5c@state.gov,Male,193.98.180.195
194,Tina,Mills,tmills5d@infoseek.co.jp,Female,180.182.139.21
195,Richard,Griffin,rgriffin5e@merriam-webster.com,Male,229.233.22.251
196,Jane,Turner,jturner5f@naver.com,Female,5.66.196.31
197,Paula,Sanders,psanders5g@sbwire.com,Female,172.179.6.133
198,Edward,Rice,erice5h@soundcloud.com,Male,165.211.188.249
199,Paul,Powell,ppowell5i@jigsy.com,Male,232.104.110.153
200,Helen,Graham,hgraham5j@rakuten.co.jp,Female,242.178.80.24
201,Ashley,Stephens,astephens5k@mapquest.com,Female,216.247.108.205
202,Andrew,Hughes,ahughes5l@so-net.ne.jp,Male,139.215.65.224
203,Gerald,Grant,ggrant5m@wufoo.com,Male,98.196.15.133
204,Michelle,Hart,mhart5n@xinhuanet.com,Female,69.132.102.134
205,Keith,Alexander,kalexander5o@godaddy.com,Male,24.33.208.15
206,Sandra,Hayes,shayes5p@google.it,Female,50.175.29.50
207,Roger,Greene,rgreene5q@intel.com,Male,198.103.39.236
208,Ruby,Richards,rrichards5r@abc.net.au,Female,70.225.149.204
209,Donald,Medina,dmedina5s@answers.com,Male,120.41.76.253
210,Linda,Cruz,lcruz5t@blogtalkradio.com,Female,0.145.223.141
211,Paul,Lawrence,plawrence5u@wired.com,Male,63.18.243.17
212,Janet,Fowler,jfowler5v@rambler.ru,Female,23.0.133.150
213,Victor,Wood,vwood5w@themeforest.net,Male,77.190.108.145
214,Robin,Shaw,rshaw5x@twitpic.com,Female,107.28.192.196
215,Mark,Hunter,mhunter5y@washington.edu,Male,68.59.73.143
216,Pamela,Mason,pmason5z@rakuten.co.jp,Female,83.87.222.142
217,Andrew,Barnes,abarnes60@goodreads.com,Male,26.76.31.217
218,Thomas,Murray,tmurray61@nature.com,Male,28.197.60.129
219,Ann,Baker,abaker62@mozilla.org,Female,140.239.196.123
220,Louise,Richardson,lrichardson63@nydailynews.com,Female,49.37.5.86
221,Mildred,Adams,madams64@desdev.cn,Female,105.40.71.83
222,Thomas,Pierce,tpierce65@tinypic.com,Male,156.10.5.30
223,Matthew,Willis,mwillis66@printfriendly.com,Male,236.16.6.177
224,Joan,Butler,jbutler67@reverbnation.com,Female,247.191.132.230
225,Carl,Allen,callen68@home.pl,Male,246.105.14.106
226,Benjamin,Diaz,bdiaz69@chron.com,Male,79.39.234.223
227,Joe,Simmons,jsimmons6a@a8.net,Male,24.183.240.71
228,Marie,Henry,mhenry6b@behance.net,Female,138.151.4.82
229,Emily,Mills,emills6c@businesswire.com,Female,36.140.59.193
230,Michelle,Ortiz,mortiz6d@com.com,Female,221.65.2.36
231,Jessica,Lane,jlane6e@scribd.com,Female,3.110.5.108
232,Ann,Medina,amedina6f@ibm.com,Female,160.172.237.82
233,Albert,Barnes,abarnes6g@archive.org,Male,95.22.59.106
234,Robert,Flores,rflores6h@bloglines.com,Male,248.3.177.166
235,William,Stevens,wstevens6i@furl.net,Male,121.175.127.94
236,Patricia,Burke,pburke6j@umich.edu,Female,19.253.35.247
237,Shawn,Simpson,ssimpson6k@pbs.org,Male,248.9.99.228
238,Martin,Martinez,mmartinez6l@timesonline.co.uk,Male,128.185.109.126
239,Cheryl,Kennedy,ckennedy6m@amazon.co.jp,Female,78.176.16.7
240,Helen,Hughes,hhughes6n@ow.ly,Female,108.180.70.50
241,Howard,Hart,hhart6o@nyu.edu,Male,185.37.67.28
242,Jeremy,Harvey,jharvey6p@buzzfeed.com,Male,139.253.124.202
243,Mary,Thomas,mthomas6q@usnews.com,Female,157.249.44.239
244,Martha,Jackson,mjackson6r@ibm.com,Female,168.4.149.236
245,Elizabeth,Carroll,ecarroll6s@hp.com,Female,16.231.228.250
246,Stephen,Evans,sevans6t@aol.com,Male,218.40.150.240
247,Albert,Carpenter,acarpenter6u@baidu.com,Male,173.76.28.110
248,Jeffrey,Morrison,jmorrison6v@tiny.cc,Male,188.24.167.8
249,Eric,Adams,eadams6w@cargocollective.com,Male,175.175.63.127
250,Arthur,Matthews,amatthews6x@wix.com,Male,52.243.223.39
251,Bonnie,Sullivan,bsullivan6y@theatlantic.com,Female,205.20.88.184
252,Ernest,Howell,ehowell6z@parallels.com,Male,185.53.105.170
253,Susan,Owens,sowens70@histats.com,Female,91.6.140.42
254,Melissa,Bishop,mbishop71@addthis.com,Female,201.115.190.7
255,Edward,Evans,eevans72@washingtonpost.com,Male,111.217.229.63
256,Raymond,Franklin,rfranklin73@gov.uk,Male,33.49.188.157
257,Sandra,Banks,sbanks74@xrea.com,Female,226.175.195.135
258,Ernest,Jackson,ejackson75@pcworld.com,Male,74.165.19.200
259,Ryan,Carroll,rcarroll76@irs.gov,Male,76.204.206.133
260,Todd,Johnston,tjohnston77@dyndns.org,Male,132.82.217.30
261,Debra,Willis,dwillis78@chicagotribune.com,Female,240.71.26.222
262,Steven,Ross,sross79@gravatar.com,Male,164.157.149.181
263,Antonio,Marshall,amarshall7a@jalbum.net,Male,240.178.24.204
264,Judith,Stephens,jstephens7b@jigsy.com,Female,244.112.15.152
265,Jean,Moore,jmoore7c@wix.com,Female,122.198.112.0
266,Beverly,Moreno,bmoreno7d@ft.com,Female,179.120.101.85
267,Shawn,Warren,swarren7e@seesaa.net,Male,122.31.221.152
268,Joseph,Thompson,jthompson7f@fc2.com,Male,117.215.233.160
269,Norma,Bailey,nbailey7g@cdbaby.com,Female,87.94.21.96
270,Benjamin,Wood,bwood7h@google.co.uk,Male,45.171.49.222
271,Robin,Medina,rmedina7i@economist.com,Female,186.80.1.50
272,Ernest,Richardson,erichardson7j@ucla.edu,Male,156.161.22.188
273,Christine,Harrison,charrison7k@over-blog.com,Female,191.17.2.107
274,Eugene,Meyer,emeyer7l@ihg.com,Male,0.88.31.230
275,Eugene,Medina,emedina7m@github.com,Male,40.214.252.218
276,Scott,Lynch,slynch7n@dailymail.co.uk,Male,4.178.35.4
277,Diana,Porter,dporter7o@soup.io,Female,163.233.184.141
278,Louise,George,lgeorge7p@unc.edu,Female,196.180.35.154
279,Brandon,Day,bday7q@npr.org,Male,229.39.8.27
280,Fred,Rose,frose7r@ihg.com,Male,115.113.48.181
281,Annie,Pierce,apierce7s@slideshare.net,Female,171.215.35.211
282,Victor,Stanley,vstanley7t@sciencedirect.com,Male,131.105.23.186
283,Joseph,Foster,jfoster7u@japanpost.jp,Male,19.44.10.15
284,Heather,Chavez,hchavez7v@csmonitor.com,Female,137.73.135.160
285,Helen,Woods,hwoods7w@yale.edu,Female,35.75.40.129
286,Harry,Nichols,hnichols7x@comcast.net,Male,156.249.105.148
287,Evelyn,Jackson,ejackson7y@artisteer.com,Female,182.33.189.167
288,Louise,Dixon,ldixon7z@japanpost.jp,Female,215.190.188.137
289,Carlos,Harris,charris80@comcast.net,Male,123.126.56.64
290,Kathy,Moreno,kmoreno81@ed.gov,Female,111.228.208.23
291,Robin,Martinez,rmartinez82@wired.com,Female,75.74.30.212
292,Rose,Reynolds,rreynolds83@google.ca,Female,175.57.222.113
293,Lois,Ferguson,lferguson84@constantcontact.com,Female,133.120.37.52
294,Linda,Morris,lmorris85@webs.com,Female,72.92.223.22
295,Helen,Freeman,hfreeman86@opera.com,Female,90.96.123.125
296,Annie,Alexander,aalexander87@mail.ru,Female,71.242.196.87
297,William,Gibson,wgibson88@google.co.jp,Male,126.3.92.47
298,Larry,Parker,lparker89@gmpg.org,Male,210.183.205.9
299,Douglas,Lynch,dlynch8a@cbsnews.com,Male,151.51.111.48
300,Albert,Willis,awillis8b@acquirethisname.com,Male,38.146.220.246
301,Justin,West,jwest8c@jimdo.com,Male,158.252.206.40
302,Carol,Robinson,crobinson8d@ucla.edu,Female,210.30.57.95
303,Sandra,Stewart,sstewart8e@jimdo.com,Female,77.60.55.47
304,Walter,Richards,wrichards8f@npr.org,Male,86.27.253.142
305,Bruce,Morgan,bmorgan8g@google.com.hk,Male,131.63.32.9
306,Heather,Watson,hwatson8h@mac.com,Female,68.194.12.180
307,Phyllis,Taylor,ptaylor8i@state.tx.us,Female,56.232.120.50
308,Jonathan,Perez,jperez8j@fema.gov,Male,71.17.174.182
309,Nancy,Chapman,nchapman8k@microsoft.com,Female,110.190.66.53
310,Kevin,Carter,kcarter8l@fotki.com,Male,188.5.208.69
311,Mark,Brooks,mbrooks8m@house.gov,Male,173.132.18.8
312,Elizabeth,Medina,emedina8n@china.com.cn,Female,235.246.81.34
313,Albert,Greene,agreene8o@google.com.au,Male,14.216.16.219
314,Lori,Riley,lriley8p@people.com.cn,Female,175.230.55.173
315,Martin,Freeman,mfreeman8q@cnet.com,Male,218.83.44.6
316,Adam,Gordon,agordon8r@state.gov,Male,82.208.246.92
317,Donald,Dunn,ddunn8s@mlb.com,Male,70.152.90.105
318,Christine,Bryant,cbryant8t@addthis.com,Female,174.72.224.122
319,Annie,Ray,aray8u@xing.com,Female,233.32.3.140
320,Donald,Shaw,dshaw8v@51.la,Male,148.151.147.135
321,Barbara,Cruz,bcruz8w@mayoclinic.com,Female,22.203.252.136
322,Pamela,Nichols,pnichols8x@issuu.com,Female,187.183.253.235
323,Samuel,Gardner,sgardner8y@guardian.co.uk,Male,1.195.176.0
324,Fred,Daniels,fdaniels8z@amazon.co.uk,Male,155.82.177.110
325,Nancy,Jenkins,njenkins90@t-online.de,Female,140.34.23.157
326,Emily,Warren,ewarren91@wisc.edu,Female,116.10.58.110
327,Elizabeth,Rogers,erogers92@xrea.com,Female,45.176.119.160
328,Ruby,Wallace,rwallace93@yandex.ru,Female,216.212.134.211
329,Phyllis,Hall,phall94@sun.com,Female,43.115.48.27
330,Jane,Bailey,jbailey95@360.cn,Female,65.204.61.26
331,Sean,Woods,swoods96@edublogs.org,Male,52.139.11.41
332,Kathryn,Cole,kcole97@pcworld.com,Female,116.81.205.253
333,Jeremy,Lee,jlee98@huffingtonpost.com,Male,56.213.84.253
334,Dennis,Stewart,dstewart99@chronoengine.com,Male,127.84.236.3
335,Shirley,Turner,sturner9a@privacy.gov.au,Female,83.30.34.34
336,Charles,Perry,cperry9b@omniture.com,Male,70.215.211.87
337,Dorothy,Walker,dwalker9c@tripod.com,Female,136.1.78.232
338,Kathleen,Henderson,khenderson9d@furl.net,Female,17.60.185.239
339,Richard,Thomas,rthomas9e@freewebs.com,Male,184.246.27.88
340,John,Bryant,jbryant9f@discovery.com,Male,56.0.158.226
341,Phillip,Austin,paustin9g@aol.com,Male,21.139.40.61
342,Louise,Thompson,lthompson9h@macromedia.com,Female,149.119.243.100
343,Thomas,Perez,tperez9i@psu.edu,Male,4.113.90.140
344,Peter,Morgan,pmorgan9j@yelp.com,Male,188.16.147.235
345,John,Harrison,jharrison9k@live.com,Male,188.4.148.141
346,Terry,Powell,tpowell9l@ft.com,Male,127.87.114.56
347,Edward,Davis,edavis9m@gnu.org,Male,127.243.139.63
348,Raymond,Rice,rrice9n@xing.com,Male,215.112.35.159
349,Nicole,West,nwest9o@usatoday.com,Female,183.151.221.184
350,Anthony,Torres,atorres9p@eventbrite.com,Male,55.133.148.114
351,Anne,Lynch,alynch9q@youtu.be,Female,30.112.38.144
352,Anna,Owens,aowens9r@constantcontact.com,Female,244.123.120.121
353,Cynthia,Vasquez,cvasquez9s@123-reg.co.uk,Female,213.117.49.18
354,Alan,Howard,ahoward9t@msu.edu,Male,242.11.209.43
355,Robin,King,rking9u@dagondesign.com,Female,102.50.233.192
356,Louis,Perry,lperry9v@scientificamerican.com,Male,110.151.64.211
357,Earl,Matthews,ematthews9w@blinklist.com,Male,176.89.234.75
358,Douglas,Watkins,dwatkins9x@hao123.com,Male,199.57.85.143
359,Debra,Woods,dwoods9y@163.com,Female,141.232.213.189
360,Craig,Morales,cmorales9z@cnn.com,Male,152.114.236.157
361,Heather,Wells,hwellsa0@clickbank.net,Female,194.170.78.63
362,Henry,Shaw,hshawa1@techcrunch.com,Male,172.37.201.254
363,Emily,Nguyen,enguyena2@cdbaby.com,Female,190.44.239.247
364,Peter,Fields,pfieldsa3@bloglovin.com,Male,116.51.116.248
365,Patrick,Moreno,pmorenoa4@telegraph.co.uk,Male,214.121.57.115
366,David,Hunt,dhunta5@reference.com,Male,43.47.138.73
367,Carlos,Kim,ckima6@comsenz.com,Male,169.189.247.178
368,Annie,Schmidt,aschmidta7@wp.com,Female,224.4.84.16
369,Donna,Powell,dpowella8@stanford.edu,Female,166.250.19.173
370,Fred,Frazier,ffraziera9@acquirethisname.com,Male,54.169.91.244
371,Amanda,Wright,awrightaa@csmonitor.com,Female,201.71.51.241
372,Andrew,Harvey,aharveyab@paypal.com,Male,117.31.117.76
373,Barbara,West,bwestac@pcworld.com,Female,63.42.61.85
374,Carol,Kelley,ckelleyad@java.com,Female,45.230.148.44
375,Raymond,Gardner,rgardnerae@list-manage.com,Male,162.224.166.171
376,Russell,Baker,rbakeraf@ocn.ne.jp,Male,225.93.247.232
377,Clarence,Hunter,chunterag@slate.com,Male,120.69.1.3
378,Tammy,Kim,tkimah@ucla.edu,Female,78.170.75.59
379,Angela,Lee,aleeai@myspace.com,Female,124.201.6.65
380,Antonio,Ortiz,aortizaj@nih.gov,Male,73.225.122.98
381,Timothy,Bell,tbellak@issuu.com,Male,20.56.105.124
382,Raymond,Johnston,rjohnstonal@senate.gov,Male,143.74.207.63
383,Joe,Hart,jhartam@mail.ru,Male,81.43.225.120
384,Evelyn,Oliver,eoliveran@unesco.org,Female,119.22.168.4
385,Nancy,Webb,nwebbao@redcross.org,Female,74.12.36.163
386,Judy,Murray,jmurrayap@princeton.edu,Female,253.72.48.39
387,Carolyn,Martin,cmartinaq@myspace.com,Female,129.65.44.80
388,Debra,Romero,dromeroar@51.la,Female,142.193.32.253
389,Donna,Alexander,dalexanderas@furl.net,Female,39.11.108.76
390,Charles,Bryant,cbryantat@yahoo.com,Male,96.135.134.188
391,Julie,Martinez,jmartinezau@mail.ru,Female,121.5.208.193
392,Louise,Bradley,lbradleyav@ezinearticles.com,Female,122.216.140.137
393,Roy,Kelley,rkelleyaw@biglobe.ne.jp,Male,62.235.206.245
394,Henry,Hughes,hhughesax@shutterfly.com,Male,243.85.126.207
395,Dennis,Peterson,dpetersonay@topsy.com,Male,17.88.151.228
396,Walter,Simpson,wsimpsonaz@umich.edu,Male,20.21.63.76
397,Janet,Holmes,jholmesb0@posterous.com,Female,96.245.237.48
398,Emily,Hart,ehartb1@vkontakte.ru,Female,219.133.146.166
399,Cheryl,Washington,cwashingtonb2@ning.com,Female,15.236.242.132
400,Anne,Jackson,ajacksonb3@smh.com.au,Female,155.226.197.110
401,Stephen,Young,syoungb4@epa.gov,Male,162.240.177.171
402,Janice,Harris,jharrisb5@skyrock.com,Female,49.43.159.19
403,Barbara,Garcia,bgarciab6@psu.edu,Female,146.177.58.236
404,Judith,Watkins,jwatkinsb7@sitemeter.com,Female,43.139.234.152
405,Stephanie,Duncan,sduncanb8@purevolume.com,Female,61.9.90.157
406,Aaron,Kennedy,akennedyb9@gov.uk,Male,48.194.32.24
407,Kelly,Stephens,kstephensba@businessweek.com,Female,136.120.244.67
408,Eugene,Rogers,erogersbb@pagesperso-orange.fr,Male,202.114.233.171
409,Bruce,Mitchell,bmitchellbc@studiopress.com,Male,170.214.178.61
410,Kathy,Ross,krossbd@go.com,Female,128.249.245.176
411,Jimmy,Nelson,jnelsonbe@bloglines.com,Male,94.251.162.33
412,Patricia,Weaver,pweaverbf@tuttocitta.it,Female,163.83.87.82
413,Michael,Johnson,mjohnsonbg@php.net,Male,29.21.141.195
414,Mary,Wallace,mwallacebh@posterous.com,Female,185.246.25.86
415,Dorothy,Walker,dwalkerbi@wikia.com,Female,0.80.218.216
416,Paul,Lee,pleebj@free.fr,Male,238.145.63.114
417,Kathryn,Wilson,kwilsonbk@wikispaces.com,Female,5.13.37.160
418,Virginia,Webb,vwebbbl@japanpost.jp,Female,76.102.121.36
419,Lillian,Edwards,ledwardsbm@baidu.com,Female,9.252.68.5
420,Justin,Olson,jolsonbn@google.com.hk,Male,69.167.230.28
421,Wanda,Cooper,wcooperbo@howstuffworks.com,Female,167.26.210.152
422,Rebecca,Stone,rstonebp@ning.com,Female,197.48.226.237
423,Larry,Young,lyoungbq@nationalgeographic.com,Male,55.202.225.108
424,Cynthia,Mendoza,cmendozabr@hexun.com,Female,48.130.158.193
425,Dennis,Howard,dhowardbs@flickr.com,Male,193.57.99.254
426,Marie,Nichols,mnicholsbt@salon.com,Female,250.166.165.8
427,Robin,Jackson,rjacksonbu@g.co,Female,103.176.6.236
428,Amy,Ramirez,aramirezbv@princeton.edu,Female,176.252.166.147
429,Rebecca,Lynch,rlynchbw@auda.org.au,Female,239.45.97.185
430,Peter,Stone,pstonebx@google.com.br,Male,213.156.252.178
431,Scott,Lynch,slynchby@sun.com,Male,119.9.97.242
432,Edward,Hanson,ehansonbz@google.de,Male,225.95.247.35
433,Joe,Little,jlittlec0@icio.us,Male,172.82.12.234
434,Jean,Morales,jmoralesc1@bizjournals.com,Female,226.68.142.30
435,Joshua,Willis,jwillisc2@yandex.ru,Male,172.164.193.179
436,Catherine,White,cwhitec3@nature.com,Female,16.209.224.120
437,Martha,Roberts,mrobertsc4@vkontakte.ru,Female,94.108.189.35
438,John,Torres,jtorresc5@deviantart.com,Male,157.46.118.184
439,Timothy,Woods,twoodsc6@mlb.com,Male,40.218.200.214
440,Jane,King,jkingc7@wikia.com,Female,240.4.19.134
441,James,Mason,jmasonc8@linkedin.com,Male,45.225.255.142
442,Willie,Jacobs,wjacobsc9@tiny.cc,Male,105.230.229.223
443,Cynthia,Parker,cparkerca@qq.com,Female,126.141.168.82
444,Rachel,Wright,rwrightcb@ft.com,Female,80.146.251.63
445,Sara,Hart,shartcc@reverbnation.com,Female,198.25.118.75
446,Janet,Bradley,jbradleycd@ed.gov,Female,98.253.5.153
447,Bobby,Shaw,bshawce@umich.edu,Male,56.214.31.3
448,Johnny,Coleman,jcolemancf@quantcast.com,Male,246.107.192.71
449,Henry,Collins,hcollinscg@biglobe.ne.jp,Male,46.46.84.45
450,Steven,Murphy,smurphych@stanford.edu,Male,111.195.47.243
451,Diana,Brooks,dbrooksci@printfriendly.com,Female,90.91.227.113
452,Edward,King,ekingcj@army.mil,Male,50.81.96.255
453,Earl,Elliott,eelliottck@webs.com,Male,30.142.195.243
454,Albert,Weaver,aweavercl@tinypic.com,Male,58.253.109.255
455,Deborah,Harper,dharpercm@comcast.net,Female,203.138.148.58
456,Randy,Hamilton,rhamiltoncn@issuu.com,Male,227.248.198.152
457,Dennis,Warren,dwarrenco@surveymonkey.com,Male,224.51.50.125
458,Jessica,Castillo,jcastillocp@yale.edu,Female,211.202.130.160
459,Bonnie,Welch,bwelchcq@amazonaws.com,Female,50.248.217.251
460,Christine,Morris,cmorriscr@miibeian.gov.cn,Female,68.148.180.120
461,Ryan,Jackson,rjacksoncs@zdnet.com,Male,254.31.27.92
462,Kelly,James,kjamesct@usda.gov,Female,96.10.156.53
463,Beverly,Moore,bmoorecu@china.com.cn,Female,0.145.141.21
464,Edward,Collins,ecollinscv@google.co.uk,Male,253.84.252.244
465,Joseph,Miller,jmillercw@samsung.com,Male,81.108.17.142
466,Sharon,Ray,sraycx@fotki.com,Female,57.102.9.178
467,Ashley,Greene,agreenecy@wikispaces.com,Female,128.196.210.151
468,John,Moreno,jmorenocz@sohu.com,Male,69.195.173.117
469,Carlos,Clark,cclarkd0@comsenz.com,Male,244.73.204.28
470,Gary,Hughes,ghughesd1@google.nl,Male,44.150.129.3
471,Jane,Nichols,jnicholsd2@amazonaws.com,Female,89.156.0.170
472,Linda,Jacobs,ljacobsd3@nymag.com,Female,202.243.84.111
473,Brian,Russell,brusselld4@ezinearticles.com,Male,252.57.34.247
474,Anthony,Mccoy,amccoyd5@microsoft.com,Male,227.29.159.2
475,John,Andrews,jandrewsd6@dot.gov,Male,153.28.111.30
476,Joan,Willis,jwillisd7@springer.com,Female,239.134.206.83
477,Albert,Powell,apowelld8@mysql.com,Male,139.97.13.129
478,Rebecca,Sims,rsimsd9@google.com.au,Female,150.121.25.225
479,Janet,Thomas,jthomasda@canalblog.com,Female,140.62.220.130
480,Jerry,Olson,jolsondb@timesonline.co.uk,Male,180.165.190.246
481,Mildred,Green,mgreendc@independent.co.uk,Female,114.242.164.158
482,Mary,Kelley,mkelleydd@bloglines.com,Female,248.166.244.252
483,Ralph,Boyd,rboydde@weebly.com,Male,238.245.43.30
484,Ernest,Lopez,elopezdf@addtoany.com,Male,173.146.22.136
485,Gerald,George,ggeorgedg@mac.com,Male,81.41.175.214
486,Patrick,Hunter,phunterdh@toplist.cz,Male,184.6.212.112
487,Ralph,Gutierrez,rgutierrezdi@state.tx.us,Male,247.255.117.128
488,Laura,Hill,lhilldj@hud.gov,Female,148.79.62.55
489,Raymond,Wilson,rwilsondk@ted.com,Male,26.195.36.12
490,James,Scott,jscottdl@plala.or.jp,Male,7.95.136.200
491,Christina,Ramirez,cramirezdm@pbs.org,Female,36.178.47.132
492,James,Berry,jberrydn@tumblr.com,Male,244.97.27.193
493,Phillip,Jenkins,pjenkinsdo@noaa.gov,Male,121.150.199.25
494,Stephanie,Thomas,sthomasdp@ovh.net,Female,243.145.255.57
495,Paul,Harris,pharrisdq@bing.com,Male,32.60.53.238
496,Jonathan,Welch,jwelchdr@ning.com,Male,174.37.205.80
497,Brandon,Spencer,bspencerds@marketwatch.com,Male,108.108.71.232
498,Doris,Simpson,dsimpsondt@mashable.com,Female,133.248.176.128
499,Aaron,Murray,amurraydu@salon.com,Male,8.29.50.10
500,Daniel,Johnston,djohnstondv@mediafire.com,Male,170.171.186.33
501,Helen,Morris,hmorrisdw@princeton.edu,Female,120.35.112.203
502,Brian,Morales,bmoralesdx@xrea.com,Male,160.195.73.93
503,Carolyn,Gomez,cgomezdy@qq.com,Female,155.136.205.237
504,Ruth,Wagner,rwagnerdz@histats.com,Female,149.88.235.92
505,Russell,Jordan,rjordane0@soundcloud.com,Male,11.224.221.245
506,Ryan,Lynch,rlynche1@foxnews.com,Male,70.221.207.236
507,Teresa,Bowman,tbowmane2@taobao.com,Female,192.113.104.100
508,Jimmy,Rice,jricee3@indiegogo.com,Male,153.65.71.57
509,Frank,Hernandez,fhernandeze4@artisteer.com,Male,137.21.125.136
510,Catherine,Hughes,chughese5@opera.com,Female,20.51.188.9
511,Sarah,Coleman,scolemane6@wikipedia.org,Female,0.52.24.190
512,Randy,Ross,rrosse7@google.de,Male,51.45.120.13
513,Kimberly,Robinson,krobinsone8@webeden.co.uk,Female,90.233.84.83
514,William,Mason,wmasone9@skype.com,Male,27.152.246.196
515,Matthew,Porter,mporterea@admin.ch,Male,195.167.58.211
516,Juan,Williams,jwilliamseb@psu.edu,Male,104.117.207.173
517,Antonio,Ramos,aramosec@tripadvisor.com,Male,108.231.178.86
518,Keith,Boyd,kboyded@foxnews.com,Male,95.167.173.240
519,Sara,Perry,sperryee@diigo.com,Female,121.41.105.57
520,Anne,Webb,awebbef@weibo.com,Female,139.145.245.241
521,Sara,Bryant,sbryanteg@chronoengine.com,Female,5.36.67.25
522,Gloria,Perez,gperezeh@apple.com,Female,180.211.254.200
523,Jimmy,Wallace,jwallaceei@icio.us,Male,242.0.125.125
524,Robin,Mitchell,rmitchellej@nyu.edu,Female,47.158.117.36
525,Paula,Hansen,phansenek@yahoo.co.jp,Female,36.45.46.28
526,Donald,Hunter,dhunterel@diigo.com,Male,231.230.250.136
527,Cheryl,Pierce,cpierceem@jalbum.net,Female,18.172.145.25
528,Joe,Moreno,jmorenoen@51.la,Male,240.68.57.91
529,Roy,Olson,rolsoneo@addthis.com,Male,103.70.24.64
530,Jesse,Bennett,jbennettep@blogspot.com,Male,89.158.238.22
531,Kelly,Hernandez,khernandezeq@ebay.co.uk,Female,128.0.134.252
532,Brandon,Howell,bhoweller@barnesandnoble.com,Male,196.26.247.121
533,Amanda,Hansen,ahansenes@state.gov,Female,45.185.166.217
534,Christina,Elliott,celliottet@4shared.com,Female,17.130.105.174
535,Theresa,Harvey,tharveyeu@mozilla.org,Female,164.146.72.235
536,Julie,Reyes,jreyesev@php.net,Female,174.120.120.83
537,Kenneth,Alexander,kalexanderew@salon.com,Male,132.94.196.205
538,Karen,Armstrong,karmstrongex@umn.edu,Female,89.117.107.206
539,Kathy,Brooks,kbrooksey@usgs.gov,Female,178.220.118.205
540,Diane,Fuller,dfullerez@php.net,Female,28.254.210.213
541,Willie,Adams,wadamsf0@dell.com,Male,137.110.143.167
542,Melissa,Morrison,mmorrisonf1@npr.org,Female,200.18.43.208
543,Steven,Alvarez,salvarezf2@mediafire.com,Male,178.184.211.158
544,Alan,Wagner,awagnerf3@ftc.gov,Male,135.250.131.135
545,Kathleen,Burns,kburnsf4@japanpost.jp,Female,70.214.80.54
546,Henry,Hamilton,hhamiltonf5@yale.edu,Male,72.146.200.172
547,Julie,Foster,jfosterf6@usatoday.com,Female,68.114.212.199
548,Helen,Crawford,hcrawfordf7@meetup.com,Female,190.140.174.237
549,Eric,Franklin,efranklinf8@naver.com,Male,247.53.222.32
550,Jennifer,Foster,jfosterf9@jugem.jp,Female,30.105.229.88
551,Keith,Wood,kwoodfa@buzzfeed.com,Male,42.149.5.179
552,Richard,George,rgeorgefb@sogou.com,Male,140.233.243.57
553,Wanda,Dean,wdeanfc@senate.gov,Female,77.39.251.129
554,Aaron,Ryan,aryanfd@blogger.com,Male,28.130.162.37
555,Shirley,Mason,smasonfe@wp.com,Female,102.121.58.205
556,Ruby,Ward,rwardff@eepurl.com,Female,149.10.24.211
557,Craig,Hughes,chughesfg@hibu.com,Male,198.133.137.148
558,Diana,Nelson,dnelsonfh@godaddy.com,Female,12.59.226.122
559,Steven,Castillo,scastillofi@ocn.ne.jp,Male,99.199.187.232
560,Jane,Williams,jwilliamsfj@ucsd.edu,Female,176.239.147.231
561,Steven,King,skingfk@indiatimes.com,Male,176.218.248.195
562,Elizabeth,Meyer,emeyerfl@berkeley.edu,Female,57.52.186.178
563,Jerry,Kelley,jkelleyfm@sfgate.com,Male,99.58.115.110
564,Patrick,Kim,pkimfn@nih.gov,Male,168.214.58.66
565,Gregory,George,ggeorgefo@nyu.edu,Male,13.171.73.83
566,Maria,Murphy,mmurphyfp@imdb.com,Female,86.254.95.36
567,Donna,Austin,daustinfq@sciencedaily.com,Female,173.197.154.9
568,Helen,Harrison,hharrisonfr@over-blog.com,Female,195.107.183.129
569,Maria,Diaz,mdiazfs@gnu.org,Female,236.233.51.172
570,Larry,Henderson,lhendersonft@myspace.com,Male,57.15.123.219
571,Brandon,Tucker,btuckerfu@census.gov,Male,213.48.104.78
572,Arthur,Kennedy,akennedyfv@cnet.com,Male,126.126.29.86
573,Anne,Gomez,agomezfw@joomla.org,Female,128.33.209.53
574,Victor,Perez,vperezfx@wordpress.org,Male,237.120.216.185
575,David,Boyd,dboydfy@creativecommons.org,Male,228.63.34.206
576,Peter,Stephens,pstephensfz@typepad.com,Male,251.228.185.84
577,Charles,Burke,cburkeg0@ovh.net,Male,216.241.164.115
578,Carl,Larson,clarsong1@constantcontact.com,Male,188.183.148.31
579,Christine,Moore,cmooreg2@answers.com,Female,192.118.10.100
580,Carlos,Walker,cwalkerg3@wordpress.org,Male,237.52.221.121
581,Irene,Wright,iwrightg4@alibaba.com,Female,125.208.154.30
582,Sean,Stanley,sstanleyg5@purevolume.com,Male,176.58.16.97
583,Lawrence,Brooks,lbrooksg6@japanpost.jp,Male,32.17.17.120
584,Carlos,Garrett,cgarrettg7@jalbum.net,Male,253.116.231.17
585,Linda,Murray,lmurrayg8@guardian.co.uk,Female,134.248.30.115
586,Antonio,Hawkins,ahawkinsg9@opera.com,Male,45.126.177.39
587,Wayne,Thomas,wthomasga@nifty.com,Male,112.247.247.240
588,Deborah,Armstrong,darmstronggb@java.com,Female,9.14.252.123
589,Louise,Mills,lmillsgc@rambler.ru,Female,168.185.239.170
590,Eric,Lopez,elopezgd@woothemes.com,Male,161.61.11.18
591,Andrea,Gomez,agomezge@wikispaces.com,Female,77.156.195.199
592,Joseph,Clark,jclarkgf@twitpic.com,Male,213.95.77.137
593,James,Collins,jcollinsgg@nature.com,Male,25.69.117.172
594,Tina,Carr,tcarrgh@prlog.org,Female,14.190.90.3
595,Dennis,Chapman,dchapmangi@sogou.com,Male,99.42.210.34
596,Billy,Fisher,bfishergj@geocities.jp,Male,139.59.32.240
597,Bruce,Sanders,bsandersgk@goo.ne.jp,Male,252.46.141.86
598,Ralph,Hanson,rhansongl@cnet.com,Male,191.1.121.136
599,Terry,Shaw,tshawgm@soundcloud.com,Male,240.131.56.59
600,Ruth,Little,rlittlegn@imgur.com,Female,32.6.148.18
601,Harry,Arnold,harnoldgo@usnews.com,Male,248.19.108.238
602,Amanda,Hernandez,ahernandezgp@ow.ly,Female,228.117.217.147
603,Mark,Owens,mowensgq@people.com.cn,Male,73.107.208.162
604,Howard,Stewart,hstewartgr@cyberchimps.com,Male,119.230.227.106
605,Louis,Hunt,lhuntgs@wordpress.org,Male,224.142.104.68
606,Frank,Henderson,fhendersongt@java.com,Male,67.134.92.194
607,Nicole,Rice,nricegu@elpais.com,Female,142.236.161.2
608,Kenneth,Chavez,kchavezgv@sciencedirect.com,Male,133.5.55.106
609,David,Johnson,djohnsongw@free.fr,Male,187.201.220.117
610,Ronald,Schmidt,rschmidtgx@t-online.de,Male,39.197.145.104
611,Lois,Ortiz,lortizgy@tumblr.com,Female,124.81.218.68
612,Roy,Dean,rdeangz@ehow.com,Male,68.152.238.25
613,Randy,Fields,rfieldsh0@noaa.gov,Male,104.9.136.182
614,Mary,Russell,mrussellh1@virginia.edu,Female,46.135.149.153
615,Sarah,Foster,sfosterh2@flavors.me,Female,82.131.153.210
616,William,Morrison,wmorrisonh3@feedburner.com,Male,229.167.201.111
617,Todd,Lynch,tlynchh4@typepad.com,Male,77.2.18.241
618,Phillip,Garcia,pgarciah5@bigcartel.com,Male,114.203.64.14
619,Katherine,Thompson,kthompsonh6@google.nl,Female,105.161.228.46
620,Judy,Bryant,jbryanth7@amazon.com,Female,211.137.253.40
621,Kenneth,Jones,kjonesh8@google.com,Male,242.190.101.236
622,Jonathan,Franklin,jfranklinh9@liveinternet.ru,Male,102.125.222.123
623,Barbara,Reyes,breyesha@army.mil,Female,133.239.94.15
624,Stephen,Sanders,ssandershb@domainmarket.com,Male,199.241.239.219
625,Martin,Stone,mstonehc@tripadvisor.com,Male,180.81.21.246
626,Andrew,Hamilton,ahamiltonhd@barnesandnoble.com,Male,137.200.44.245
627,Joseph,Ross,jrosshe@mail.ru,Male,97.201.31.249
628,Victor,Reid,vreidhf@google.ca,Male,84.2.60.75
629,Patrick,Chapman,pchapmanhg@jigsy.com,Male,131.108.183.182
630,Judy,Morgan,jmorganhh@vistaprint.com,Female,75.55.53.168
631,Aaron,Bailey,abaileyhi@odnoklassniki.ru,Male,82.126.75.42
632,Helen,Mitchell,hmitchellhj@opera.com,Female,201.214.188.122
633,Tammy,Shaw,tshawhk@bandcamp.com,Female,204.50.146.105
634,Willie,Fuller,wfullerhl@latimes.com,Male,28.107.153.89
635,Paula,Murphy,pmurphyhm@seesaa.net,Female,73.87.101.126
636,Mark,Grant,mgranthn@blogspot.com,Male,33.63.124.172
637,Clarence,James,cjamesho@photobucket.com,Male,220.110.121.96
638,Sharon,Olson,solsonhp@youtu.be,Female,163.191.62.152
639,Sandra,Meyer,smeyerhq@sciencedirect.com,Female,254.73.151.251
640,John,Ford,jfordhr@comcast.net,Male,99.106.146.254
641,Janet,Crawford,jcrawfordhs@cargocollective.com,Female,252.116.162.30
642,Jimmy,Rodriguez,jrodriguezht@cam.ac.uk,Male,254.59.34.123
643,Steve,Palmer,spalmerhu@bloomberg.com,Male,111.127.153.85
644,Tammy,Robertson,trobertsonhv@xinhuanet.com,Female,135.242.54.62
645,Roy,Spencer,rspencerhw@sbwire.com,Male,90.60.211.75
646,Martha,Walker,mwalkerhx@toplist.cz,Female,35.171.202.252
647,Julie,Bryant,jbryanthy@ycombinator.com,Female,219.125.63.166
648,Stephanie,Anderson,sandersonhz@bandcamp.com,Female,176.98.87.157
649,Donna,Willis,dwillisi0@blinklist.com,Female,25.55.44.222
650,Douglas,Miller,dmilleri1@slate.com,Male,232.122.38.126
651,Christine,Nguyen,cnguyeni2@friendfeed.com,Female,249.114.14.166
652,Gerald,Carpenter,gcarpenteri3@utexas.edu,Male,248.116.188.183
653,Theresa,Gardner,tgardneri4@arizona.edu,Female,143.160.7.72
654,Margaret,Ryan,mryani5@prweb.com,Female,137.143.170.253
655,Andrew,Ferguson,afergusoni6@tumblr.com,Male,98.42.254.117
656,Ronald,Garcia,rgarciai7@intel.com,Male,168.111.60.177
657,Jesse,Larson,jlarsoni8@theatlantic.com,Male,68.11.162.204
658,Ryan,Bradley,rbradleyi9@sakura.ne.jp,Male,225.228.31.94
659,Jose,Taylor,jtayloria@ning.com,Male,138.242.149.224
660,Bobby,Nguyen,bnguyenib@ucoz.ru,Male,127.68.252.162
661,Amy,Matthews,amatthewsic@hc360.com,Female,150.214.54.12
662,Albert,Williams,awilliamsid@w3.org,Male,188.254.91.67
663,Christine,Brooks,cbrooksie@dailymotion.com,Female,199.99.77.245
664,Edward,Morrison,emorrisonif@behance.net,Male,82.19.158.175
665,Juan,Murray,jmurrayig@illinois.edu,Male,150.233.128.102
666,Keith,Nichols,knicholsih@skyrock.com,Male,67.177.171.139
667,Craig,Richards,crichardsii@bloomberg.com,Male,240.231.129.23
668,Amanda,Kelley,akelleyij@theatlantic.com,Female,76.173.142.15
669,Jonathan,Hawkins,jhawkinsik@ifeng.com,Male,152.156.146.48
670,Doris,Stewart,dstewartil@admin.ch,Female,111.51.100.138
671,Samuel,Matthews,smatthewsim@exblog.jp,Male,228.255.239.66
672,Andrea,Ruiz,aruizin@census.gov,Female,166.236.19.54
673,Adam,Spencer,aspencerio@webmd.com,Male,213.122.233.134
674,Adam,Carroll,acarrollip@rakuten.co.jp,Male,146.32.129.89
675,Rachel,Little,rlittleiq@mac.com,Female,229.191.106.84
676,Earl,Garza,egarzair@senate.gov,Male,36.83.127.226
677,Jason,Ellis,jellisis@plala.or.jp,Male,2.55.117.32
678,Julia,Peterson,jpetersonit@etsy.com,Female,51.226.91.250
679,Tammy,Andrews,tandrewsiu@is.gd,Female,96.28.70.85
680,Christina,Payne,cpayneiv@yahoo.co.jp,Female,27.126.90.233
681,Kelly,Hicks,khicksiw@prnewswire.com,Female,109.242.188.178
682,Kathryn,Owens,kowensix@mozilla.org,Female,11.152.172.49
683,Phillip,Hart,phartiy@about.com,Male,111.92.238.162
684,Carol,Ross,crossiz@wiley.com,Female,5.156.163.131
685,Margaret,Simmons,msimmonsj0@china.com.cn,Female,176.198.19.144
686,Michael,Ryan,mryanj1@timesonline.co.uk,Male,69.98.45.97
687,Howard,Perkins,hperkinsj2@cloudflare.com,Male,124.24.93.150
688,Betty,Richardson,brichardsonj3@deviantart.com,Female,235.184.139.48
689,Lisa,Bennett,lbennettj4@springer.com,Female,169.36.219.83
690,Johnny,Brown,jbrownj5@slate.com,Male,177.74.169.50
691,Frank,Grant,fgrantj6@trellian.com,Male,190.134.205.116
692,James,Elliott,jelliottj7@umn.edu,Male,212.155.132.230
693,Anna,Kelly,akellyj8@liveinternet.ru,Female,109.237.199.181
694,Linda,Moreno,lmorenoj9@ehow.com,Female,6.206.197.157
695,Chris,Kelly,ckellyja@comsenz.com,Male,71.74.90.197
696,Clarence,Reed,creedjb@indiatimes.com,Male,173.19.32.2
697,Harry,Lawrence,hlawrencejc@nytimes.com,Male,171.110.236.219
698,Kathleen,Fernandez,kfernandezjd@mayoclinic.com,Female,193.34.204.69
699,Scott,Miller,smillerje@drupal.org,Male,192.100.179.0
700,Harry,Little,hlittlejf@un.org,Male,126.169.116.188
701,Jason,Martin,jmartinjg@sourceforge.net,Male,208.155.112.99
702,Martha,Robinson,mrobinsonjh@oakley.com,Female,194.184.139.63
703,Sandra,Stephens,sstephensji@japanpost.jp,Female,208.196.168.161
704,Evelyn,Bailey,ebaileyjj@theguardian.com,Female,243.121.114.80
705,Deborah,Lawrence,dlawrencejk@diigo.com,Female,106.241.116.220
706,Debra,Williamson,dwilliamsonjl@over-blog.com,Female,217.145.199.9
707,Gerald,Graham,ggrahamjm@meetup.com,Male,219.253.254.94
708,Arthur,Washington,awashingtonjn@sitemeter.com,Male,133.80.152.162
709,Bruce,Clark,bclarkjo@opensource.org,Male,213.158.99.117
710,Roy,Stone,rstonejp@rediff.com,Male,164.177.202.181
711,Paula,Edwards,pedwardsjq@dedecms.com,Female,249.29.187.178
712,Raymond,Garza,rgarzajr@amazon.de,Male,90.31.231.67
713,David,Simpson,dsimpsonjs@hao123.com,Male,181.10.254.47
714,Joe,Ramos,jramosjt@indiatimes.com,Male,158.188.246.14
715,Amy,Warren,awarrenju@icq.com,Female,139.2.158.86
716,Justin,Freeman,jfreemanjv@phoca.cz,Male,25.206.143.30
717,James,Rodriguez,jrodriguezjw@angelfire.com,Male,110.60.38.114
718,Shawn,Carpenter,scarpenterjx@cocolog-nifty.com,Male,77.103.30.166
719,Evelyn,Jordan,ejordanjy@vimeo.com,Female,17.186.208.102
720,Gerald,Oliver,goliverjz@sitemeter.com,Male,73.41.171.168
721,Paul,Rodriguez,prodriguezk0@freewebs.com,Male,53.2.154.51
722,Walter,Rodriguez,wrodriguezk1@pcworld.com,Male,193.157.133.60
723,William,George,wgeorgek2@pinterest.com,Male,28.94.88.194
724,Michael,Fisher,mfisherk3@smugmug.com,Male,8.73.233.250
725,George,Peters,gpetersk4@webnode.com,Male,223.84.59.103
726,Christina,Fisher,cfisherk5@squidoo.com,Female,244.231.105.131
727,Doris,Griffin,dgriffink6@comcast.net,Female,107.26.211.70
728,Jesse,Lawrence,jlawrencek7@eventbrite.com,Male,106.41.243.150
729,Anthony,Bishop,abishopk8@lycos.com,Male,92.126.68.137
730,Keith,Washington,kwashingtonk9@flavors.me,Male,200.130.70.62
731,Harold,Sullivan,hsullivanka@mediafire.com,Male,99.216.64.45
732,Jimmy,Owens,jowenskb@sina.com.cn,Male,158.46.66.31
733,Stephen,Watkins,swatkinskc@nasa.gov,Male,23.133.254.10
734,Daniel,George,dgeorgekd@squarespace.com,Male,170.208.25.33
735,Gerald,Cruz,gcruzke@jalbum.net,Male,155.23.179.143
736,Rachel,Morgan,rmorgankf@so-net.ne.jp,Female,237.227.215.144
737,Nicole,Murray,nmurraykg@live.com,Female,103.225.175.221
738,Maria,Fernandez,mfernandezkh@addtoany.com,Female,56.159.232.139
739,Lillian,Griffin,lgriffinki@github.io,Female,221.233.37.26
740,Margaret,Graham,mgrahamkj@stanford.edu,Female,135.41.179.128
741,Kathryn,Grant,kgrantkk@answers.com,Female,157.243.206.68
742,Robert,Perkins,rperkinskl@booking.com,Male,248.151.218.189
743,Denise,Lawrence,dlawrencekm@opera.com,Female,173.193.63.218
744,Adam,Brown,abrownkn@princeton.edu,Male,237.126.167.28
745,Betty,Martinez,bmartinezko@ask.com,Female,142.24.37.152
746,James,Gutierrez,jgutierrezkp@answers.com,Male,143.107.117.249
747,Katherine,Anderson,kandersonkq@edublogs.org,Female,211.86.96.122
748,Theresa,Reynolds,treynoldskr@myspace.com,Female,202.44.4.82
749,Sandra,Thomas,sthomasks@digg.com,Female,220.150.173.92
750,Kathleen,Elliott,kelliottkt@army.mil,Female,239.208.139.47
751,Jose,Mcdonald,jmcdonaldku@cargocollective.com,Male,174.34.150.193
752,Sandra,Greene,sgreenekv@people.com.cn,Female,166.150.80.178
753,Randy,Hudson,rhudsonkw@pcworld.com,Male,17.108.204.152
754,Melissa,Dixon,mdixonkx@discuz.net,Female,180.100.169.37
755,Martha,Henry,mhenryky@go.com,Female,219.235.170.26
756,Jerry,Holmes,jholmeskz@wikipedia.org,Male,170.17.144.242
757,Jack,Boyd,jboydl0@jiathis.com,Male,107.28.234.67
758,Janice,Hawkins,jhawkinsl1@51.la,Female,111.25.105.163
759,Peter,Gordon,pgordonl2@earthlink.net,Male,220.134.196.22
760,Todd,Gibson,tgibsonl3@springer.com,Male,120.74.34.80
761,Denise,Warren,dwarrenl4@theatlantic.com,Female,224.37.36.152
762,Phyllis,Gray,pgrayl5@drupal.org,Female,29.125.71.101
763,Scott,Henry,shenryl6@wufoo.com,Male,203.227.74.65
764,Christina,Carpenter,ccarpenterl7@yahoo.co.jp,Female,68.63.208.89
765,Maria,Robertson,mrobertsonl8@ow.ly,Female,170.3.151.226
766,Martha,Cunningham,mcunninghaml9@furl.net,Female,32.126.182.236
767,Tina,Nichols,tnicholsla@altervista.org,Female,23.28.149.208
768,Michael,Collins,mcollinslb@yale.edu,Male,252.146.255.85
769,Harry,Henderson,hhendersonlc@fema.gov,Male,231.41.254.190
770,Justin,Boyd,jboydld@fda.gov,Male,128.223.149.180
771,Mark,Montgomery,mmontgomeryle@weather.com,Male,163.151.166.110
772,Carol,Ortiz,cortizlf@go.com,Female,223.249.145.58
773,Louis,Robinson,lrobinsonlg@scientificamerican.com,Male,116.209.81.94
774,Steven,Ruiz,sruizlh@netvibes.com,Male,145.62.116.109
775,Kelly,Wells,kwellsli@aboutads.info,Female,71.64.245.135
776,Wayne,Collins,wcollinslj@vkontakte.ru,Male,82.164.113.251
777,Ryan,Jackson,rjacksonlk@accuweather.com,Male,8.133.33.43
778,Alice,Murphy,amurphyll@privacy.gov.au,Female,234.104.197.179
779,Harold,James,hjameslm@cyberchimps.com,Male,150.108.69.242
780,Nancy,Warren,nwarrenln@ft.com,Female,222.157.181.156
781,Lois,Hanson,lhansonlo@shareasale.com,Female,23.100.14.160
782,Joseph,Johnston,jjohnstonlp@rambler.ru,Male,119.128.168.110
783,Shirley,Chavez,schavezlq@msu.edu,Female,204.78.98.27
784,Gloria,Hansen,ghansenlr@elegantthemes.com,Female,183.205.92.5
785,Billy,Fowler,bfowlerls@google.cn,Male,120.46.114.50
786,Earl,Ward,ewardlt@reference.com,Male,214.14.255.47
787,Mildred,Long,mlonglu@cafepress.com,Female,229.203.87.18
788,Jeremy,Fox,jfoxlv@histats.com,Male,39.240.139.80
789,Nicholas,Edwards,nedwardslw@nature.com,Male,201.192.203.173
790,Bruce,Stevens,bstevenslx@issuu.com,Male,5.161.171.234
791,Kathleen,Burton,kburtonly@technorati.com,Female,83.196.156.248
792,Barbara,Cole,bcolelz@prweb.com,Female,34.10.171.100
793,Mary,George,mgeorgem0@un.org,Female,168.159.196.63
794,Katherine,Cox,kcoxm1@facebook.com,Female,1.21.41.123
795,Melissa,Mills,mmillsm2@washingtonpost.com,Female,127.45.100.5
796,Sarah,Kelly,skellym3@geocities.com,Female,89.135.12.132
797,Jonathan,Nguyen,jnguyenm4@springer.com,Male,103.11.171.223
798,Albert,Hawkins,ahawkinsm5@slideshare.net,Male,50.119.148.70
799,Phyllis,Austin,paustinm6@redcross.org,Female,206.195.145.246
800,Alice,Day,adaym7@blogspot.com,Female,242.224.133.10
801,Julia,Taylor,jtaylorm8@admin.ch,Female,129.229.237.144
802,Linda,Kennedy,lkennedym9@ustream.tv,Female,212.165.42.246
803,Arthur,Ramirez,aramirezma@odnoklassniki.ru,Male,125.244.151.207
804,Heather,Ortiz,hortizmb@ehow.com,Female,79.97.8.64
805,Jessica,Black,jblackmc@examiner.com,Female,157.219.10.249
806,Lillian,Hall,lhallmd@techcrunch.com,Female,216.241.162.26
807,Dennis,Henry,dhenryme@gov.uk,Male,11.59.239.247
808,Christopher,Fisher,cfishermf@fda.gov,Male,152.131.125.34
809,Barbara,Hunt,bhuntmg@house.gov,Female,245.73.190.179
810,Mark,Lee,mleemh@so-net.ne.jp,Male,173.106.55.62
811,Joyce,Murphy,jmurphymi@weibo.com,Female,139.115.156.152
812,Jose,Taylor,jtaylormj@1688.com,Male,86.168.112.216
813,Randy,Evans,revansmk@boston.com,Male,77.17.241.169
814,Doris,Hughes,dhughesml@dagondesign.com,Female,188.47.214.174
815,Evelyn,Palmer,epalmermm@state.tx.us,Female,29.194.121.35
816,Steve,Williamson,swilliamsonmn@boston.com,Male,30.116.217.223
817,Carlos,Palmer,cpalmermo@etsy.com,Male,96.76.197.68
818,Peter,Smith,psmithmp@pcworld.com,Male,230.119.138.90
819,Chris,Dixon,cdixonmq@google.ru,Male,14.235.107.8
820,Barbara,Rice,bricemr@umn.edu,Female,126.201.10.45
821,Jesse,Perkins,jperkinsms@jigsy.com,Male,120.115.239.248
822,Phillip,Henderson,phendersonmt@salon.com,Male,186.252.124.159
823,Stephanie,Gibson,sgibsonmu@squarespace.com,Female,149.87.227.47
824,Rose,Reyes,rreyesmv@themeforest.net,Female,140.115.7.247
825,Gregory,Dunn,gdunnmw@purevolume.com,Male,216.205.145.110
826,Michael,Elliott,melliottmx@prweb.com,Male,193.106.0.143
827,David,Bishop,dbishopmy@slate.com,Male,149.237.78.193
828,Andrew,Ray,araymz@163.com,Male,135.247.64.16
829,Joseph,Turner,jturnern0@who.int,Male,190.254.99.240
830,Patricia,Howell,phowelln1@cbsnews.com,Female,196.89.184.194
831,Irene,Barnes,ibarnesn2@redcross.org,Female,141.225.195.247
832,Judith,Clark,jclarkn3@about.me,Female,232.77.42.24
833,Samuel,Martinez,smartinezn4@soup.io,Male,61.141.250.249
834,Irene,Austin,iaustinn5@bandcamp.com,Female,215.166.219.127
835,Albert,George,ageorgen6@exblog.jp,Male,79.233.95.216
836,Betty,Black,bblackn7@timesonline.co.uk,Female,158.205.7.30
837,Jimmy,Franklin,jfranklinn8@stanford.edu,Male,253.205.229.75
838,Martin,Ray,mrayn9@alibaba.com,Male,197.69.254.53
839,Julia,Roberts,jrobertsna@uol.com.br,Female,98.177.189.235
840,Gary,Boyd,gboydnb@cyberchimps.com,Male,159.5.72.94
841,George,Cole,gcolenc@yahoo.com,Male,95.239.143.85
842,Annie,Carter,acarternd@tuttocitta.it,Female,20.134.15.43
843,Steven,James,sjamesne@businessweek.com,Male,173.48.92.169
844,George,Garza,ggarzanf@biblegateway.com,Male,11.52.169.81
845,Wayne,Hunt,whuntng@w3.org,Male,53.140.147.99
846,Ann,Flores,afloresnh@w3.org,Female,15.67.47.31
847,Amy,Simpson,asimpsonni@theglobeandmail.com,Female,12.54.49.133
848,Louis,Peters,lpetersnj@csmonitor.com,Male,83.69.184.180
849,Joyce,Richardson,jrichardsonnk@lycos.com,Female,52.232.52.123
850,Rebecca,Henderson,rhendersonnl@wikimedia.org,Female,243.21.199.63
851,Ralph,Alexander,ralexandernm@businesswire.com,Male,140.246.247.229
852,Amanda,Wallace,awallacenn@epa.gov,Female,76.25.255.105
853,Eric,Brooks,ebrooksno@blogs.com,Male,197.178.55.223
854,Kenneth,Robertson,krobertsonnp@wikispaces.com,Male,192.207.136.114
855,Elizabeth,Kelly,ekellynq@shop-pro.jp,Female,112.99.251.45
856,Dennis,Morales,dmoralesnr@yahoo.com,Male,138.205.166.134
857,Arthur,Frazier,afrazierns@chron.com,Male,30.216.226.115
858,Martin,Matthews,mmatthewsnt@livejournal.com,Male,234.152.163.14
859,Louis,Jones,ljonesnu@dropbox.com,Male,53.37.212.235
860,Gloria,Jordan,gjordannv@ca.gov,Female,89.113.159.94
861,Christine,Hawkins,chawkinsnw@ifeng.com,Female,115.204.128.219
862,Laura,Hill,lhillnx@patch.com,Female,254.255.182.26
863,Lori,Lawson,llawsonny@barnesandnoble.com,Female,14.77.225.117
864,George,Kelley,gkelleynz@blogtalkradio.com,Male,178.218.56.252
865,Annie,Day,adayo0@bbc.co.uk,Female,242.71.129.90
866,Steve,Graham,sgrahamo1@gnu.org,Male,128.72.157.29
867,Paula,Wagner,pwagnero2@theglobeandmail.com,Female,109.102.146.224
868,Raymond,Medina,rmedinao3@cdbaby.com,Male,42.238.99.37
869,Jerry,Willis,jwilliso4@unc.edu,Male,199.9.46.217
870,Jacqueline,Schmidt,jschmidto5@webs.com,Female,50.121.26.108
871,Jacqueline,Jackson,jjacksono6@xrea.com,Female,230.6.86.247
872,Fred,Mason,fmasono7@shinystat.com,Male,237.55.55.199
873,Scott,Stephens,sstephenso8@behance.net,Male,3.201.46.184
874,Nicole,Stephens,nstephenso9@angelfire.com,Female,88.113.1.55
875,Deborah,Wagner,dwagneroa@msu.edu,Female,150.190.50.31
876,Carl,Reed,creedob@zimbio.com,Male,84.202.15.61
877,Carl,Johnston,cjohnstonoc@bloomberg.com,Male,82.253.102.125
878,Brandon,Chapman,bchapmanod@bravesites.com,Male,225.10.54.143
879,Larry,Sims,lsimsoe@t-online.de,Male,50.52.124.97
880,Evelyn,Ray,erayof@cbc.ca,Female,111.137.146.36
881,Jason,Wood,jwoodog@baidu.com,Male,200.196.28.43
882,Earl,Perez,eperezoh@exblog.jp,Male,129.143.196.136
883,Roger,Parker,rparkeroi@patch.com,Male,212.200.84.62
884,Robin,Garza,rgarzaoj@marriott.com,Female,215.217.93.105
885,Paul,Webb,pwebbok@epa.gov,Male,245.209.43.221
886,Bruce,Foster,bfosterol@engadget.com,Male,50.135.91.65
887,Chris,Carr,ccarrom@seesaa.net,Male,146.45.141.30
888,Peter,Butler,pbutleron@live.com,Male,202.126.19.152
889,Billy,Hicks,bhicksoo@rakuten.co.jp,Male,169.162.86.4
890,Nancy,Mccoy,nmccoyop@e-recht24.de,Female,2.119.134.219
891,Jeffrey,Campbell,jcampbelloq@omniture.com,Male,101.113.247.202
892,Kelly,Duncan,kduncanor@microsoft.com,Female,250.249.27.245
893,Kevin,Webb,kwebbos@a8.net,Male,38.28.78.43
894,Ryan,Wood,rwoodot@newsvine.com,Male,36.109.41.21
895,Patrick,Fields,pfieldsou@yahoo.co.jp,Male,123.113.88.5
896,Stephen,Dean,sdeanov@etsy.com,Male,205.139.114.136
897,William,Mason,wmasonow@freewebs.com,Male,134.244.244.29
898,Ruth,Stevens,rstevensox@wix.com,Female,140.41.174.59
899,Lawrence,George,lgeorgeoy@pbs.org,Male,187.50.25.41
900,Alice,Henry,ahenryoz@techcrunch.com,Female,38.236.175.253
901,Michael,Ray,mrayp0@mapquest.com,Male,119.203.230.206
902,Catherine,Morris,cmorrisp1@howstuffworks.com,Female,22.38.110.84
903,Emily,Palmer,epalmerp2@moonfruit.com,Female,147.161.24.192
904,Lillian,Kennedy,lkennedyp3@dot.gov,Female,32.212.29.167
905,Daniel,Williams,dwilliamsp4@purevolume.com,Male,88.100.50.82
906,Evelyn,Butler,ebutlerp5@springer.com,Female,168.91.209.146
907,Lisa,Carter,lcarterp6@amazon.de,Female,178.171.57.197
908,Albert,Hudson,ahudsonp7@nationalgeographic.com,Male,46.28.192.247
909,Stephen,Montgomery,smontgomeryp8@google.com.br,Male,220.194.153.47
910,Bruce,Morales,bmoralesp9@kickstarter.com,Male,92.78.121.76
911,Rebecca,Bell,rbellpa@java.com,Female,126.140.181.27
912,Chris,Jacobs,cjacobspb@senate.gov,Male,81.59.213.215
913,Henry,Sanchez,hsanchezpc@va.gov,Male,245.202.196.121
914,Helen,Black,hblackpd@europa.eu,Female,105.56.55.224
915,Amanda,Stephens,astephenspe@tripod.com,Female,195.111.153.167
916,Adam,Cruz,acruzpf@jimdo.com,Male,114.91.42.160
917,Louise,Wright,lwrightpg@hostgator.com,Female,197.18.208.57
918,Phillip,Scott,pscottph@yahoo.co.jp,Male,87.145.109.215
919,Charles,Brown,cbrownpi@springer.com,Male,127.235.78.64
920,Thomas,Willis,twillispj@amazonaws.com,Male,35.222.111.29
921,Phyllis,Patterson,ppattersonpk@canalblog.com,Female,40.13.103.104
922,Timothy,Turner,tturnerpl@businessweek.com,Male,61.89.113.31
923,Steven,Hart,shartpm@yellowbook.com,Male,186.91.220.110
924,Willie,Wilson,wwilsonpn@kickstarter.com,Male,48.51.177.128
925,Andrew,Lane,alanepo@facebook.com,Male,138.207.133.137
926,Todd,Simpson,tsimpsonpp@statcounter.com,Male,172.105.251.207
927,Heather,Henderson,hhendersonpq@skype.com,Female,52.97.252.78
928,Edward,Jones,ejonespr@princeton.edu,Male,137.15.234.20
929,Christine,Nelson,cnelsonps@weibo.com,Female,50.81.5.216
930,Albert,Collins,acollinspt@blogtalkradio.com,Male,129.99.251.36
931,Robin,Diaz,rdiazpu@gravatar.com,Female,176.230.134.183
932,Antonio,Gray,agraypv@latimes.com,Male,165.60.210.208
933,Bonnie,Roberts,brobertspw@virginia.edu,Female,142.215.186.200
934,Rebecca,Murphy,rmurphypx@gizmodo.com,Female,47.44.25.185
935,Brandon,Porter,bporterpy@mapy.cz,Male,194.120.155.160
936,Earl,Jordan,ejordanpz@who.int,Male,17.75.51.1
937,Edward,Richards,erichardsq0@wisc.edu,Male,169.164.102.245
938,Sara,Vasquez,svasquezq1@dailymotion.com,Female,115.193.219.219
939,Kathleen,Harris,kharrisq2@is.gd,Female,237.122.142.237
940,Benjamin,Bailey,bbaileyq3@google.com.hk,Male,185.177.107.17
941,Michelle,Mason,mmasonq4@furl.net,Female,122.73.165.120
942,Andrew,Nguyen,anguyenq5@bloglines.com,Male,70.225.39.92
943,Maria,Rose,mroseq6@webeden.co.uk,Female,79.233.240.147
944,Joan,Rice,jriceq7@blogs.com,Female,97.194.149.121
945,Wayne,Cooper,wcooperq8@cocolog-nifty.com,Male,25.251.81.92
946,Joe,Stone,jstoneq9@ehow.com,Male,57.138.240.228
947,Jeffrey,Martin,jmartinqa@cisco.com,Male,85.120.100.111
948,John,Gonzalez,jgonzalezqb@pen.io,Male,121.90.30.211
949,Dennis,Cooper,dcooperqc@ameblo.jp,Male,154.61.15.15
950,Ann,Montgomery,amontgomeryqd@wikia.com,Female,75.105.232.250
951,Barbara,Lynch,blynchqe@engadget.com,Female,141.7.151.195
952,Jeremy,Lynch,jlynchqf@cnet.com,Male,24.30.110.30
953,Joe,Olson,jolsonqg@geocities.com,Male,139.207.31.72
954,Kathryn,Watkins,kwatkinsqh@alibaba.com,Female,187.178.120.245
955,Jeremy,Hicks,jhicksqi@ftc.gov,Male,143.90.67.0
956,Eric,Alexander,ealexanderqj@xrea.com,Male,63.30.123.111
957,Thomas,Davis,tdavisqk@howstuffworks.com,Male,233.57.29.1
958,Charles,Hanson,chansonql@jalbum.net,Male,30.233.30.212
959,Carolyn,Griffin,cgriffinqm@census.gov,Female,16.112.163.134
960,Richard,Jacobs,rjacobsqn@howstuffworks.com,Male,198.164.182.240
961,Larry,Evans,levansqo@scribd.com,Male,152.154.86.191
962,Louise,Phillips,lphillipsqp@pbs.org,Female,174.105.18.54
963,Philip,Williams,pwilliamsqq@businesswire.com,Male,17.169.236.46
964,Anne,Richardson,arichardsonqr@businessweek.com,Female,232.228.10.112
965,Kathryn,Watkins,kwatkinsqs@mail.ru,Female,141.226.116.8
966,Jack,Scott,jscottqt@ning.com,Male,20.62.63.203
967,Teresa,Collins,tcollinsqu@soundcloud.com,Female,82.130.95.164
968,Anna,Greene,agreeneqv@mysql.com,Female,83.234.111.116
969,Kenneth,Johnston,kjohnstonqw@xinhuanet.com,Male,52.154.136.252
970,Brian,Carpenter,bcarpenterqx@japanpost.jp,Male,173.193.154.248
971,Annie,Cook,acookqy@pbs.org,Female,117.6.35.2
972,Susan,Lewis,slewisqz@yolasite.com,Female,230.4.108.219
973,Howard,Lynch,hlynchr0@usatoday.com,Male,54.36.162.184
974,Irene,Fox,ifoxr1@indiegogo.com,Female,237.175.189.56
975,Jerry,Fernandez,jfernandezr2@scribd.com,Male,215.112.225.197
976,Emily,Nelson,enelsonr3@baidu.com,Female,22.216.33.45
977,Betty,Butler,bbutlerr4@wordpress.org,Female,161.118.154.249
978,Eugene,Scott,escottr5@senate.gov,Male,21.100.7.100
979,Gerald,Cooper,gcooperr6@multiply.com,Male,53.220.12.94
980,Denise,Castillo,dcastillor7@youtube.com,Female,194.69.76.19
981,Walter,Moore,wmoorer8@indiegogo.com,Male,40.80.227.234
982,Philip,Davis,pdavisr9@rediff.com,Male,35.226.101.214
983,Debra,Montgomery,dmontgomeryra@w3.org,Female,230.7.138.119
984,Roy,Peters,rpetersrb@ed.gov,Male,141.151.177.222
985,Ronald,Andrews,randrewsrc@sakura.ne.jp,Male,134.173.62.21
986,Norma,Ross,nrossrd@kickstarter.com,Female,236.201.11.25
987,Scott,Day,sdayre@boston.com,Male,218.24.49.28
988,Peter,Mitchell,pmitchellrf@sfgate.com,Male,59.183.44.127
989,Brenda,Parker,bparkerrg@studiopress.com,Female,75.238.162.206
990,Karen,White,kwhiterh@nyu.edu,Female,141.87.154.16
991,Carlos,George,cgeorgeri@e-recht24.de,Male,147.12.246.184
992,Peter,Sanders,psandersrj@zdnet.com,Male,132.56.73.73
993,Albert,Medina,amedinark@de.vu,Male,92.30.149.33
994,Phillip,Jones,pjonesrl@mozilla.com,Male,124.38.189.169
995,Gerald,Ford,gfordrm@pbs.org,Male,238.59.127.60
996,Dorothy,Welch,dwelchrn@wiley.com,Female,172.235.62.65
997,Patricia,Kelley,pkelleyro@abc.net.au,Female,3.250.145.66
998,Teresa,Wilson,twilsonrp@tiny.cc,Female,39.235.31.239
999,Charles,Mitchell,cmitchellrq@epa.gov,Male,131.243.241.248
1000,Louis,Sims,lsimsrr@myspace.com,Male,210.238.66.155
